연번,역번호,호선,역명,도로명주소,지번주소
92,340,3,가락시장,서울특별시 송파구 송파대로 지하257(가락동),서울특별시 송파구 가락동 184-23 가락시장역(3호선)
552,1702,1,가산디지털단지,서울특별시 금천구 벚꽃로 309,서울특별시 금천구 가산동 468-4(1호선)
32,222,2,강남,서울특별시 강남구 강남대로 지하396(역삼동),서울특별시 강남구 역삼동 858 강남역(2호선)
237,2732,7,강남구청,서울특별시 강남구 학동로 지하346(삼성동),서울특별시 강남구 삼성동 111-44 강남구청역(7호선)
159,2549,5,강동,서울특별시 강동구 천호대로 지하1097(천호동),서울특별시 강동구 천호동 447 강동역(5호선)
260,2813,8,강동구청,서울특별시 강동구 올림픽로 지하550(성내동),서울특별시 강동구 성내동 319 강동구청역(8호선)
24,214,2,강변(동서울터미널),서울특별시 광진구 강변역로 53(구의동),서울특별시 광진구 구의동 546-6 강변역(2호선)
172,2562,5,강일,서울특별시 강동구 고덕로 지하456(강일동),서울특별시 강동구 상일동 산73 강일역(5호선)
169,2559,5,개롱,서울특별시 송파구 오금로 지하402(가락동),서울특별시 송파구 가락동 165-2 개롱역(5호선)
533,1801,1,개봉,서울특별시 구로구 경인로40길 47,서울특별시 구로구 개보동 415(1호선)
122,2512,5,개화산,서울특별시 강서구 양천로 22(방화동),서울특별시 강서구 방화동 846 개화산역(5호선)
170,2560,5,거여,서울특별시 송파구 오금로 지하499(거여동),서울특별시 송파구 거여동 20-14 거여역(5호선)
22,212,2,건대입구,서울특별시 광진구 아차산로 243(화양동),서울특별시 광진구 화양동 7-3 2호선 건대입구역(2호선)
69,317,3,경복궁(정부서울청사),서울특별시 종로구 사직로 지하130(적선동),서울특별시 종로구 적선동 81-1 경복궁역(3호선)
93,341,3,경찰병원,서울특별시 송파구 중대로 지하149(가락동),서울특별시 송파구 가락동 10-15 경찰병원역(3호선)
163,2553,5,고덕,서울특별시 강동구 고덕로 지하253(고덕동),서울특별시 강동구 고덕동 310 고덕역(5호선)
207,2641,6,고려대(종암),서울특별시 성북구 종암로 지하1(종암동),서울특별시 성북구 종암동 29-18 고려대역(6호선)
81,329,3,고속터미널,서울특별시 서초구 신반포로 지하188(반포동),서울특별시 서초구 반포동 19-11 고속터미널역(3호선)
140,2530,5,공덕,서울특별시 마포구 마포대로 지하100(공덕동),서울특별시 마포구 공덕동 423-29 공덕역(5호선)
223,2718,7,공릉(서울과학기술대),서울특별시 노원구 동일로 지하1074(공릉동),서울특별시 노원구 공릉동 385-4 공릉역(7호선)
157,2547,5,광나루(장신대),서울특별시 광진구 아차산로 지하571(광장동),서울특별시 광진구 광장동 237 광나루역(5호선)
255,2750,7,광명사거리,경기도 광명시 오리로 지하980(광명동),경기도 광명시 광명동 158-211 광명사거리역(7호선)
519,1019,1,광운대,서울특별시 노원구 석계로 98-2,서울특별시 노원구 월계동 85(1호선)
144,2534,5,광화문(세종문화회관),서울특별시 종로구 세종대로 지하172(세종로),서울특별시 종로구 세종로 1-68 5호선 광화문역(5호선)
191,2625,6,광흥창(서강),서울특별시 마포구 독막로 지하165(창전동),서울특별시 마포구 창전동 145-17 광흥창역(6호선)
33,223,2,"교대(법원, 검찰청)",서울특별시 서초구 서초대로 지하294(서초동),서울특별시 서초구 서초동 1748-4 교대역(2호선)
531,1701,1,구로,서울특별시 구로구 구로중앙로 174,서울특별시 구로구 구로동 585-3(1호선)
42,232,2,구로디지털단지,서울특별시 구로구 도림천로 477(구로동),서울특별시 구로구 구로동 810-3 구로디지털단지역(2호선)
182,2616,6,구산,서울특별시 은평구 연서로 지하137-1(구산동),서울특별시 은평구 구산동 1 구산역(6호선)
23,213,2,구의(광진구청),서울특별시 광진구 아차산로 384-1(구의동),서울특별시 광진구 구의동 245-24 구의역(2호선)
532,1813,1,구일,서울특별시 구로구 구일로 133,서울특별시 구로구 구로동 636-45(1호선)
62,310,3,구파발,서울특별시 은평구 진관2로 지하15-25 (진관동),서울특별시 은평구 진관동 67-26 구파발역(3호선)
155,2545,5,군자(능동),서울특별시 광진구 천호대로 지하550(능동),서울특별시 광진구 능동 275-5 군자(능동)역(5호선)
161,2551,5,굽은다리(강동구민회관앞),서울특별시 강동구 양재대로 지하1572(명일동),서울특별시 강동구 명일동 345-12 굽은다리역(5호선)
554,1703,1,금천구청,서울특별시 금천구 시흥대로 63길 91,서울특별시 금천구 시흥동 113-55(1호선)
76,324,3,금호,서울특별시 성동구 동호로 지하104(금호동4가),서울특별시 성동구 금호동4가 1470 금호역(3호선)
160,2550,5,길동,서울특별시 강동구 양재대로 지하1480(길동),서울특별시 강동구 길동 378 길동역(5호선)
103,417,4,길음,서울특별시 성북구 동소문로 지하248(길음동),서울특별시 성북구 길음동 877-66 길음역(4호선)
123,2513,5,김포공항,서울특별시 강서구 하늘길 지하77(방화동),서울특별시 강서구 방화동 886 김포공항역(5호선)
129,234-4,2,까치산,서울특별시 강서구 강서로 지하54(화곡동),서울특별시 강서구 화곡동 343까치산역(2호선)
37,227,2,낙성대(강감찬),서울특별시 관악구 남부순환로 지하1928(봉천동),서울특별시 관악구 봉천동 1693-39 낙성대역(2호선)
252,2747,7,남구로,서울특별시 구로구 도림로 지하7(구로동) ,서울특별시 구로구 구로동 801-95 남구로역(7호선)
83,331,3,남부터미널(예술의전당),서울특별시 서초구 서초중앙로 지하31(서초동),서울특별시 서초구 서초동 1748-30 남부터미널역(3호선)
244,2739,7,남성,서울특별시 동작구 사당로 지하218(사당동),서울특별시 동작구 사당동 산25-33 남성역(7호선)
524,1002,1,남영,서울특별시 용산구 한강대로77길 25,서울특별시 용산구 갈월동 96-1(1호선)
269,2828,8,남위례,경기도 성남시 수정구 공원로 601(복정동),경기도 성남시 수정구 복정동 57 남위례역(8호선)
120,434,4,남태령,서울특별시 서초구 과천대로 지하816(방배동),서울특별시 서초구 방배동 2909 남태령역(4호선)
271,2823,8,남한산성입구(성남법원 검찰청),경기도 성남시 수정구 산성대로 지하445(단대동),경기도 성남시 수정구 단대동 96 남한산성입구역(8호선)
242,2737,7,내방,서울특별시 서초구 서초대로 지하103(방배동),서울특별시 서초구 방배동 874-16 내방역(7호선)
526,1004,1,노량진,서울특별시 동작구 노량진로 151,서울특별시 동작구 노량진동 67-2(1호선)
97,411,4,노원,서울특별시 노원구 상계로 69-1(상계동),서울특별시 노원구 상계동 602-5 노원역(4호선)
65,313,3,녹번,서울특별시 은평구 통일로 지하602-1(녹번동),서울특별시 은평구 녹번동 55 녹번역(3호선)
196,2630,6,녹사평(용산구청),서울특별시 용산구 녹사평대로 지하195(용산동4가),서울특별시 용산구 용산동4가 4 녹사평역(6호선)
517,1021,1,녹천,서울특별시 도붕구 덕릉로 376,서울특별시 도봉구 창동 57-11(1호선)
239,2734,7,논현,서울특별시 강남구 학동로 지하102(논현동),서울특별시 강남구 논현동 279-67 논현역(7호선)
272,2824,8,단대오거리,경기도 성남시 수정구 산성대로 지하365(신흥동),경기도 성남시 수정구 신흥동 2467 단대오거리역(8호선)
153,2543,5,답십리,서울특별시 성동구 천호대로 지하300(용답동),서울특별시 성동구 용답동 99 답십리역(5호선)
95,409,4,당고개,서울특별시 노원구 상계로 305(상계동),서울특별시 노원구 상계동 111 당고개역(4호선)
47,237,2,당산,서울특별시 영등포구 당산로 229(당산동6가),서울특별시 영등포구 당산동 6가 323-1 당산역(2호선)
43,233,2,대림(구로구청),서울특별시 구로구 도림천로 351(구로동),서울특별시 구로구 구로동 1204 대림역(2호선)
527,1005,1,대방,서울특별시 영등포구 여의대방로 300,서울특별시 영등포구 신길동 1368-3(1호선)
89,337,3,대청,서울특별시 강남구 일원로 지하2(일원동),서울특별시 강남구 일원동 700-9 대청역(3호선)
87,335,3,대치,서울특별시 강남구 남부순환로 지하2952(대치동),서울특별시 강남구 대치동 317-3 대치역(3호선)
192,2626,6,대흥(서강대앞),서울특별시 마포구 대흥로 지하85(대흥동),서울특별시 마포구 대흥동 128-1 대흥역(6호선)
86,334,3,도곡,서울특별시 강남구 남부순환로 지하2814(도곡동),서울특별시 강남구 도곡동 339-2 도곡역(3호선)
57,247,2,도림천,서울특별시 구로구 경인로67길 160(신도림동),서울특별시 구로구 신도림동 323-16 도림천역(2호선)
514,1902,1,도봉,서울특별시 도봉구 도봉로 170길 2,서울특별시 도봉구 도봉동 639(1호선)
513,1903,1,도봉산,서울특별시 도봉구 도봉로 964-33,서울특별시 도봉구 도봉동 18-1(1호선)
68,316,3,독립문,서울특별시 서대문구 통일로 지하247(현저동),서울특별시 서대문구 현저동 101 독립문역(3호선)
180,2614,6,독바위,서울특별시 은평구 불광로 지하129-1(불광동),서울특별시 은평구 불광동 13-33 독바위역(6호선)
553,1714,1,독산,서울특별시 금천구 벚꽃로 115,서울특별시 금천구 가산동 717(1호선)
210,2644,6,돌곶이,서울특별시 성북구 화랑로 지하243(석관동),서울특별시 성북구 석관동 349-8 돌곶이역(6호선)
6,155,1,동대문,서울특별시 종로구 종로 지하302(창신동),서울특별시 종로구 창신동 492-1 동대문역(1호선)
15,205,2,동대문역사문화공원(DDP),서울특별시 중구 을지로 지하279(을지로7가),서울특별시 중구 을지로 7가 112-3 동대문역사문화공원역(2호선)
74,322,3,동대입구,서울특별시 중구 동호로 지하256(장충동2가),서울특별시 중구 장충동2가 199-3 동대입구역(3호선)
10,159,1,동묘앞,서울특별시 종로구 종로 359(숭인동),서울특별시 종로구 숭인동 117 동묘앞역(1호선)
117,431,4,동작(현충원),서울특별시 동작구 현충로 257(동작동),서울특별시 동작구 동작동 327-1 동작역(4호선)
165,2555,5,둔촌동,서울특별시 강동구 양재대로 지하1369(둔촌동),서울특별시 강동구 둔촌동 416 둔촌동역(5호선)
185,2619,6,디지털미디어시티,서울특별시 은평구 수색로 지하175(증산동),서울특별시 은평구 증산동 223-25 디지털미디어시티역(6호선)
20,210,2,뚝섬,서울특별시 성동구 아차산로 18(성수동1가),서울특별시 성동구 성수동1가 656-745 뚝섬역(2호선)
235,2730,7,뚝섬유원지,서울특별시 광진구 능동로 10(자양동),서울특별시 광진구 자양동 73-2 뚝섬유원지역(7호선)
125,2515,5,마곡,서울특별시 강서구 공항대로 지하163(마곡동),서울특별시 강서구 마곡동 769-3 마곡역(5호선)
219,2714,7,마들,서울특별시 노원구 동일로 지하1530-1(상계동),서울특별시 노원구 상계동 650 마들역(7호선)
152,2542,5,마장,서울특별시 성동구 마장로 지하296(마장동),서울특별시 성동구 마장동 804 마장역(5호선)
171,2561,5,마천,서울특별시 송파구 마천로57길 지하7(마천동),서울특별시 송파구 마천동 307-4 마천역(5호선)
139,2529,5,마포,서울특별시 마포구 마포대로 지하33(도화동),서울특별시 마포구 도화동 160 마포역(5호선)
187,2621,6,마포구청,서울특별시 마포구 월드컵로 지하190(성산동),서울특별시 마포구 성산동 592 마포구청역(6호선)
188,2622,6,망원,서울특별시 마포구 월드컵로 지하77(망원동),서울특별시 마포구 망원동 378 망원역(6호선)
85,333,3,매봉,서울특별시 강남구 남부순환로 지하2744(도곡동),서울특별시 강남구 도곡동 179-2 매봉역(3호선)
225,2720,7,먹골,서울특별시 중랑구 동일로 지하901(묵동),서울특별시 중랑구 묵동 189-5 먹골역(7호선)
228,2723,7,면목,서울특별시 중랑구 면목로 지하407(면목동) ,서울특별시 중랑구 면목동 282-6 면목역(7호선)
110,424,4,명동,서울특별시 중구 퇴계로 지하126(충무로2가),서울특별시 중구 충무로2가 109-2 명동역(4호선)
162,2552,5,명일,서울특별시 강동구 양재대로 지하1632(명일동),서울특별시 강동구 명일동 312 명일역(5호선)
275,2827,8,모란,경기도 성남시 수정구 산성대로 지하100(수진동),경기도 성남시 수정구 수진동 4518 모란역(8호선)
131,2521,5,목동,서울특별시 양천구 오목로 지하245(목동),서울특별시 양천구 목동 926-3 목동역(5호선)
261,2814,8,몽촌토성(평화의문),서울특별시 송파구 올림픽로 지하383(신천동),서울특별시 송파구 신천동 19 몽촌토성역(8호선)
67,315,3,무악재,서울특별시 서대문구 통일로 지하361(홍제동),서울특별시 서대문구 홍제동 26-1 무악재역(3호선)
45,235,2,문래,서울특별시 영등포구 당산로 지하28(문래동3가),서울특별시 영등포구 문래동3가 68-1 문래역(2호선)
266,2819,8,문정,서울특별시 송파구 송파대로 지하179(문정동),서울특별시 송파구 문정동 119-4 문정역(8호선)
173,2563,5,미사,경기도 하남시 미사강변동로 지하90(망월동),경기도 하남시 망월동 1122 미사역(5호선)
101,415,4,미아(서울사이버대학),서울특별시 강북구 도봉로 지하198(미아동),서울특별시 강북구 미아동 194-1 미아역(4호선)
102,416,4,미아사거리,서울특별시 강북구 도봉로 지하50(미아동),서울특별시 강북구 미아동 66-1 미아사거리역(4호선)
240,2735,7,반포,서울특별시 서초구 신반포로 지하241(잠원동),서울특별시 서초구 잠원동 103 반포역(7호선)
126,2516,5,발산,서울특별시 강서구 공항대로 지하267(마곡동),서울특별시 강서구 마곡동 727-1496 발산역(5호선)
35,225,2,방배,서울특별시 서초구 방배로 지하80(방배동),서울특별시 서초구 방배동 912-14 방배역(2호선)
167,2557,5,방이,서울특별시 송파구 양재대로 지하1127(방이동),서울특별시 송파구 방이동 217-2 방이역(5호선)
515,1901,1,방학,서울특별시 도봉구 도봉로 150다길 3,서울특별시 도봉구 방학동 728(1호선)
121,2511,5,방화,서울특별시 강서구 금낭화로 지하132(방화동),서울특별시 강서구 방화동 829-15 방화역(5호선)
199,2633,6,버티고개,서울특별시 중구 다산로 지하38(신당동),서울특별시 중구 신당동 366-454 버티고개역(6호선)
249,2744,7,보라매,서울특별시 동작구 상도로 지하2(대방동),서울특별시 동작구 대방동 466-51 보라매역(7호선)
205,2639,6,보문,서울특별시 성북구 보문로 지하116(보문동1가),서울특별시 성북구 보문동1가 127-1 보문역(6호선)
268,2821,8,복정,서울특별시 송파구 송파대로 지하6(장지동),서울특별시 송파구 장지동 596-21 복정역(8호선)
39,229,2,봉천,서울특별시 관악구 남부순환로 지하1721(봉천동),서울툭별시 관악구 봉천동 979-7 봉천역(2호선)
214,2648,6,봉화산(서울의료원),서울특별시 중랑구 신내로 지하232(신내동),서울특별시 중랑구 신내동 643-1 봉화산역(6호선)
64,312,3,불광,서울특별시 은평구 통일로 지하723-1(대조동),서울특별시 은평구 대조동 13-10 불광역(3호선)
229,2724,7,사가정,서울특별시 중랑구 사가정로 지하393(면목동),서울특별시 중랑구 면목동 495 사가정역(7호선)
36,226,2,사당,서울특별시 동작구 남부순환로 지하2089(사당동),서울특별시 동작구 사당동 1129 사당역(2호선)
270,2822,8,산성,경기도 성남시 수정구 수정로 지하365(신흥동),경기도 성남시 수정구 신흥동 7 산성역(8호선)
114,428,4,삼각지,서울특별시 용산구 한강대로 지하180(한강로1가),서울특별시 용산구 한강로1가 228-1 삼각지역(4호선)
29,219,2,삼성(무역센터),서울특별시 강남구 테헤란로 지하538(삼성동),서울특별시 강남구 삼성동 172-66 삼성역(2호선)
96,410,4,상계,서울특별시 노원구 상계로 182(상계동),서울특별시 노원구 상계동 156-203 상계역(4호선)
246,2741,7,상도,서울특별시 동작구 상도로 지하272(상도1동),서울특별시 동작구 상도1동 702-1 상도역(중대입구역)(7호선)
227,2722,7,상봉(시외버스터미널),서울특별시 중랑구 망우로 297(상봉동),서울특별시 중랑구 상봉동 100-9 상봉역(7호선)
190,2624,6,상수,서울특별시 마포구 독막로 지하85(상수동),서울특별시 마포구 상수동 309-10 상수역(6호선)
17,207,2,상왕십리,서울특별시 성동구 왕십리로 지하374(하왕십리동),서울특별시 성동구 하왕십리동 946-14 상왕십리역(2호선)
209,2643,6,상월곡(한국과학기술연구원),서울특별시 성북구 화랑로 지하157(상월곡동),서울특별시 성북구 상월곡동 26-1 상월곡역(6호선)
164,2554,5,상일동,서울특별시 강동구 고덕로 지하359(상일동),서울특별시 강동구 상일동 148 상일동역(5호선)
183,2617,6,새절(신사),서울특별시 은평구 증산로 지하400(신사동),서울특별시 은평구 신사동 337-5 새절역(6호선)
143,2533,5,서대문,서울특별시 종로구 통일로 지하126(평동),서울특별시 종로구 평동 210 서대문역(5호선)
1,150,1,서울,서울특별시 중구 세종대로 지하2(남대문로 5가),서울특별시 중구 남대문로5가 73-6 서울역(1호선)
38,228,2,서울대입구(관악구청),서울특별시 관악구 남부순환로 지하1822(봉천동),서울특별시 관악구 봉천동 979-2 서울대입구역(2호선)
34,224,2,서초,서울특별시 서초구 서초대로 지하233(서초동),서울특별시 서초구 서초동 1748-5 서초역(2호선)
520,1018,1,석계,서울특별시 노원구 화랑로 341,서울특별시 노원구 월계동 36-4(1호선)
262,2816,8,석촌,서울특별시 송파구 송파대로 지하439(석촌동),서울특별시 송파구 석촌동 209 석촌역(8호선)
30,220,2,선릉,서울특별시 강남구 테헤란로 지하340(삼성동),서울특별시 강남구 삼성동 172-66 선릉역(2호선)
21,211,2,성수,서울특별시 성동구 아차산로 100(성수동2가),서울특별시 성동구 성수동2가 300-1 성수역(2호선)
104,418,4,성신여대입구(돈암),서울특별시 성북구 동소문로 지하102(동선동4가),서울특별시 성북구 동선동4가 1 성신여대입구역(4호선)
124,2514,5,송정,서울특별시 강서구 공항대로 지하33(공항동),서울특별시 강서구 공항동 29-5 송정역(5호선)
264,2817,8,송파,서울특별시 송파구 송파대로 지하354(가락동),서울특별시 송파구 가락동 459-4 송파역(8호선)
218,2713,7,수락산,서울특별시 노원구 동일로 지하1662(상계동),서울특별시 노원구 상계동 1132-9 수락산역(7호선)
91,339,3,수서,서울특별시 강남구 광평로 지하270(수서동),서울특별시 강남구 수서동 728 수서역(3호선)
100,414,4,수유(강북구청),서울특별시 강북구 도봉로 지하338(수유동),서울특별시 강북구 수유동 140 수유역(4호선)
274,2826,8,수진,경기도 성남시 수정구 산성대로 지하200(수진동),경기도 성남시 수정구 수진동 2205-1 수진역(8호선)
113,427,4,숙대입구(갈월),서울특별시 용산구 한강대로 지하306(갈월동),서울특별시 용산구 갈월동 16-7 숙대입구역(4호선)
245,2740,7,숭실대입구(살피재),서울특별시 동작구 상도로 지하378(상도동),서울특별시 동작구 상도동 514 숭실대입구역(7호선)
2,151,1,시청,서울특별시 중구 세종대로 지하101(정동),서울특별시 중구 정동 5-5 시청역(1호선)
149,2539,5,신금호,서울특별시 성동구 금호로 지하154(금호동2가),서울특별시 성동구 금호동2가 223-1 신금호역(5호선)
528,1032,1,신길,서울특별시 영등포구 영등포로 327,서울특별시 영등포구 신길동 41-1(1호선)
215,2649,6,신내,서울특별시 중랑구 용마산로136길 33 신내차량기지,서울특별시 중랑구 신내동 19 신내역(6호선)
55,245,2,신답,서울특별시 성동구 천호대로 232(용답동),서울특별시 성동구 용답동 129-2 신답역(2호선)
16,206,2,신당,서울특별시 중구 퇴계로 지하431-1(신당동),서울특별시 중구 신당동 99 신당역(2호선)
41,231,2,신대방,서울특별시 동작구 대림로 2(신대방동),서울특별시 동작구 신대방동 643-1 신대방역(2호선)
248,2743,7,신대방삼거리,서울특별시 동작구 상도로 지하76(대방동),서울특별시 동작구 대방동 406-10 신대방삼거리역(7호선)
530,1007,1,신도림,서울특별시 구로구 새마로 지하117-21,서울특별시 구로구 신도림동 460-26(1호선)
40,230,2,신림,서울특별시 관악구 남부순환로 지하1614(신림동),서울특별시 관악구 신림동 1467-10 신림역(2호선)
79,327,3,신사,서울특별시 강남구 도산대로 지하102(신사동),서울특별시 강남구 신사동 667 신사역(3호선)
7,156,1,신설동,서울특별시 동대문구 왕산로 지하1(신설동),서울특별시 동대문구 신설동 76-5 신설동역(1호선)
115,429,4,신용산,서울특별시 용산구 한강대로 지하112(한강로2가),서울특별시 용산구 한강로2가 181 신용산역(4호선)
521,1017,1,신이문,서울특별시 동대문구 한천로 472,서울특별시 동대문구 이문동 7(1호선)
130,2520,5,신정(은행정),서울특별시 양천구 오목로 지하179(신정동),서울특별시 양천구 신정동 1090 신정역(5호선)
59,249,2,신정네거리,서울특별시 양천구 중앙로 지하261(신정동),서울특별시 양천구 신정동 1231 신정네거리역(2호선)
50,240,2,신촌(지하),서울특별시 마포구 신촌로 지하90(노고산동),서울특별시 마포구 노고산동 31-11 신촌역(2호선)
250,2745,7,신풍,서울특별시 영등포구 신풍로 지하27(신길동),서울특별시 영등포구 신길동 3599 신풍역(7호선)
273,2825,8,신흥,경기도 성남시 수정구 산성대로 지하280(신흥동),경기도 성남시 수정구 신흥동 2467 신흥역(8호선)
99,413,4,쌍문,서울특별시 도봉구 도봉로 지하486-1(창동),서울특별시 도봉구 창동 703-4 쌍문역(4호선)
156,2546,5,아차산(어린이대공원후문),서울특별시 광진구 천호대로 지하657(능동),서울특별시 광진구 능동 256-16 5호선 아차산역(5호선)
52,242,2,아현,서울특별시 마포구 신촌로 지하270(아현동),서울특별시 마포구 아현동 354-23 아현역(2호선)
70,318,3,안국,서울특별시 종로구 율곡로 지하62(안국동),서울특별시 종로구 안국동 73-1 안국역(3호선)
206,2640,6,안암(고대병원앞),서울특별시 성북구 고려대로 지하89(안암동5가),서울특별시 성북구 안암동5가 146-1 안암역(6호선)
258,2811,8,암사,서울특별시 강동구 올림픽로 지하776(암사동),서울특별시 강동구 암사동 501 암사역(8호선)
78,326,3,압구정,서울특별시 강남구 압구정로 지하172(신사동),서울특별시 강남구 신사동 668 압구정역(3호선)
141,2531,5,애오개,서울특별시 마포구 마포대로 지하210(아현동),서울특별시 마포구 아현동 612 애오개역(5호선)
75,323,3,약수,서울특별시 중구 다산로 지하122(신당동),서울특별시 중구 신당동 369-44 약수역(3호선)
84,332,3,양재(서초구청),서울특별시 서초구 남부순환로 지하2585(서초동),서울특별시 서초구 서초동 1366-9 양재역(3호선)
58,248,2,양천구청,서울특별시 양천구 목동로3길 지하33(신정동),서울특별시 양천구 신정동 276-7 양천구청역(2호선)
133,2523,5,양평,서울특별시 영등포구 양산로 지하21(양평동2가),서울특별시 영등포구 양평동2가 33-79 양평역(5호선)
233,2728,7,어린이대공원(세종대),서울특별시 광진구 능동로 지하210(화양동),서울특별시 광진구 화양동 164-1 어린이대공원역(7호선)
138,2528,5,여의나루,서울특별시 영등포구 여의동로 지하343(여의도동),서울특별시 영등포구 여의도동 84-4 여의나루역(5호선)
137,2527,5,여의도,서울특별시 영등포구 여의나루로 지하40(여의도동),서울특별시 영등포구 여의도동 3 여의도역(5호선)
31,221,2,역삼,서울특별시 강남구 테헤란로 지하156(역삼동),서울특별시 강남구 역삼동 804 역삼역(2호선)
178,2612,6,역촌,서울특별시 은평구 서오릉로 지하63(녹번동),서울특별시 은평구 녹번동 153-31 역촌역(6호선)
63,311,3,연신내,서울특별시 은평구 통일로 지하849(갈현동),서울특별시 은평구 갈현동 397 연신내역(3호선)
529,1006,1,영등포,서울특별시 영등포구 경인로 846,서울특별시 영등포구 영등포동 618-496(1호선)
46,236,2,영등포구청,서울특별시 영등포구 당산로 지하121(당산동3가),서울특별시 영등포구 당산동3가 270-1 영등포구청역(2호선)
135,2525,5,영등포시장,서울특별시 영등포구 양산로 지하200(영등포동5가),서울특별시 영등포구 영등포동5가 62-1 영등포시장역(5호선)
94,342,3,오금,서울특별시 송파구 오금로 지하321(오금동),서울특별시 송파구 오금동 44-2 오금역(3호선)
534,1802,1,오류동,서울특별시 구로구 경인로 20길 13,서울특별시 구로구 오류동 66(1호선)
132,2522,5,오목교(목동운동장앞),서울특별시 양천구 오목로 지하342(목동),서울특별시 양천구 목동 406-30 오목교역(5호선)
77,325,3,옥수,서울특별시 성동구 동호로 21(옥수동),서울특별시 성동구 옥수동 168-1 옥수역(3호선)
535,1821,1,온수,서울특별시 구로구 부일로 872,서울특셜시 구로구 온수동 51-7(1호선)
166,2556,5,올림픽공원(한국체대),서울특별시 송파구 양재대로 지하1233(방이동),서울특별시 송파구 방이동 89-28 올림픽공원역(5호선)
18,208,2,왕십리(성동구청),서울특별시 성동구 왕십리로 지하300(행당동),서울특별시 성동구 행당동 192 왕십리역(2호선)
522,1016,1,외대앞,서울특별시 동대문구 휘경로 27,서울특별시 동대문구 이문동 360-5(1호선)
54,244,2,용답,서울특별시 성동구 용답길 86(용답동),서울특별시 성동구 용답동 127 용답역(2호선)
60,250,2,용두(동대문구청),서울특별시 동대문구 천호대로 지하129(용두동),서울특별시 동대문구 용두동 47-1 용두역(2호선)
230,2725,7,용마산(용마폭포공원),서울특별시 중랑구 용마산로 지하227(면목동),서울특별시 중랑구 면목동 1316-5 용마산역(7호선)
525,1003,1,용산,서울특별시 용산구 한강대로23길 55,서울특별시 용산구 한강로3가 40-999(1호선)
127,2517,5,우장산,서울특별시 강서구 강서로 지하262(화곡동),서울특별시 강서구 화곡동 1089-3 우장산역(5호선)
518,1020,1,월계,서울특별시 노원구 월계로53길 40,서울특별시 노원구 월계동 263-1(1호선)
208,2642,6,월곡(동덕여대),서울특별시 성북구 월곡로 지하107(하월곡동),서울특별시 성북구 하월곡동 35-1 월곡역(6호선)
186,2620,6,월드컵경기장(성산),서울특별시 마포구 월드컵로 지하240(성산동),서울특별시 마포구 성산동 420 월드컵경기장역(6호선)
13,203,2,을지로3가,서울특별시 중구 을지로 지하106(을지로3가),서울특별시 중구 을지로3가 347-3 을지로3가역(2호선)
14,204,2,을지로4가,서울특별시 중구 을지로 지하178(을지로4가),서울특별시 중구 을지로4가 267-1 을지로4가역(2호선)
12,202,2,을지로입구,서울특별시 중구 을지로 지하42(을지로1가),서울특별시 중구 을지로1가 100-1 을지로입구역(2호선)
177,2611,6,응암,서울특별시 은평구 증산로 지하477(신사동),서울특별시 은평구 신사동 22-15 응암역(6호선)
51,241,2,이대,서울특별시 마포구 신촌로 지하180(염리동),서울특별시 마포구 염리동 8-85 이대역(2호선)
243,2738,7,이수,서울특별시 동작구 사당로 지하310(사당동),서울특별시 동작구 사당동 144-4 이수역(7호선)
116,430,4,이촌(국립중앙박물관),서울특별시 용산구 서빙고로 지하83(용산동5가),서울특별시 용산구 용산동5가 17-112 이촌역(4호선)
197,2631,6,이태원,서울특별시 용산구 이태원로 지하177(이태원동),서울특별시 용산구 이태원동 119-23 이태원역(6호선)
90,338,3,일원,서울특별시 강남구 일원로 지하121(일원동),서울특별시 강남구 일원동 717 일원역(3호선)
26,216,2,잠실(송파구청),서울특별시 송파구 올림픽로 지하265(신천동),서울특별시 송파구 신천동 8 잠실역(2호선)
25,215,2,잠실나루,서울특별시 송파구 오금로 20(신천동),서울특별시 송파구 신천동 15 잠실나루역(2호선)
27,217,2,잠실새내,서울특별시 송파구 올림픽로 지하140(잠실동),서울특별시 송파구 잠실동 33 잠실새내역(2호선)
80,328,3,잠원,서울특별시 서초구 잠원로4길 지하46(잠원동),서울특별시 서초구 잠원동 100-1 잠원역(3호선)
247,2742,7,장승배기,서울특별시 동작구 상도로 지하188(상도동) ,서울특별시 동작구 상도동 26-20 장승배기역(7호선)
216,2711,7,장암,경기도 의정부시 동일로 121(장암동),경기도 의정부시 장암동 160-8 장암역(7호선)
267,2820,8,장지,서울특별시 송파구 송파대로 지하82(장지동),서울특별시 송파구 장지동 201-5 장지역(8호선)
154,2544,5,장한평,서울특별시 동대문구 천호대로 지하405(장안동),서울특별시 동대문구 장안동 472-3 장한평역(5호선)
8,157,1,제기동,서울특별시 동대문구 왕산로 지하93(제기동),서울특별시 동대문구 제기동 65 제기동역(1호선)
3,152,1,종각,서울특별시 종로구 종로 지하55(종로1가),서울특별시 종로구 종로1가 54 종각역(1호선)
4,153,1,종로3가,서울특별시 종로구 종로 지하129(종로3가),서울특별시 종로구 종로3가 10-5 종로3가역(1호선)
5,154,1,종로5가,서울특별시 종로구 종로 지하216(종로5가),서울특별시 종로구 종로5가 82-1 종로5가역(1호선)
28,218,2,종합운동장,서울특별시 송파구 올림픽로 지하23(잠실동),서울특별시 송파구 잠실동 122 종합운동장역(2호선)
221,2716,7,중계,서울특별시 노원구 동일로 지하1308-1(중계동),서울특별시 노원구 중계동 503-3 중계역(7호선)
231,2726,7,중곡,서울특별시 광진구 능동로 지하417(중곡동),서울특별시 광진구 중곡동 273-2 7호선 중곡역(7호선)
226,2721,7,중화,서울특별시 중랑구 동일로 지하797(중화동),서울특별시 중랑구 중화동 50-3 중화역(7호선)
184,2618,6,증산(명지대앞),서울특별시 은평구 증산로 지하306(증산동),서울특별시 은평구 증산동 199-8 증산역(6호선)
61,309,3,지축,경기도 고양시 덕양구 삼송로 300(지축동),경기도 고양시 덕양구 지축동 818-64 지축역(3호선)
516,1022,1,창동,서울특별시 도봉구 마들로11길 77,서울특별시 도봉구 창동 135-1(1호선)
204,2638,6,창신,서울특별시 종로구 지봉로 지하112(창신동),서울특별시 종로구 창신동 20-8 창신역(6호선)
256,2751,7,천왕,서울특별시 구로구 오리로 지하1154(천왕동),서울특별시 구로구 천왕동 14-25 천왕역(7호선)
158,2548,5,천호(풍납토성),서울특별시 강동구 천호대로 지하997(천호동),서울특별시 강동구 천호동 455 천호역(5호선)
254,2749,7,철산,경기도 광명시 철산로 지하13(철산동),경기도 광명시 철산동 526 철산역(7호선)
148,2538,5,청구,서울특별시 중구 청구로 지하77(신당동),서울특별시 중구 신당동 295-2 청구역(5호선)
236,2731,7,청담,서울특별시 강남구 학동로 지하508(청담동),서울특별시 강남구 청담동 77-76 청담역(7호선)
9,158,1,청량리(서울시립대입구),서울특별시 동대문구 왕산로 지하205(전농동),서울특별시 동대문구 전농동 620-69 청량리역(1호선)
118,432,4,총신대입구(이수),서울특별시 동작구 동작대로 지하117(사당동),서울특별시 동작구 사당동 736-1 총신대입구(이수)역(4호선)
73,321,3,충무로,서울특별시 중구 퇴계로 지하214(필동2가),서울특별시 중구 필동2가 16-2 충무로역(3호선)
53,243,2,충정로(경기대입구),서울특별시 서대문구 서소문로 지하17(충정로3가),서울특별시 서대문구 충정로3가 319-1 충정로역(2호선)
212,2646,6,태릉입구,서울특별시 노원구 동일로 지하992-1(공릉동),서울특별시 노원구 공릉동 616-4 태릉입구역(6호선)
222,2717,7,하계,서울특별시 노원구 동일로 지하1196(하계동),서울특별시 노원구 하계동 273-5 하계역(7호선)
176,2566,5,하남검단산,경기도 하남시 대청로 지하100(창우동),경기도 하남시 창우동 526 하남검단산역(5호선)
175,2565,5,하남시청(덕풍 신장),경기도 하남시 하남대로 지하820(덕풍동),경기도 하남시 덕풍동 405-1 하남시청(덕풍신장)역(5호선)
174,2564,5,하남풍산,경기도 하남시 덕풍서로 지하50(덕풍동),경기도 하남시 덕풍동 727-3 하남풍산역(5호선)
238,2733,7,학동,서울특별시 강남구 학동로 지하180(논현동),서울특별시 강남구 논현동 279-67 학동역(7호선)
88,336,3,학여울,서울특별시 강남구 남부순환로 지하3104(대치동),서울특별시 강남구 대치동 514-3 학여울역(3호선)
198,2632,6,한강진,서울특별시 용산구 이태원로 지하287(한남동),서울특별시 용산구 한남동 726-494 한강진역(6호선)
105,419,4,한성대입구(삼선교),서울특별시 성북구 삼선교로 지하1(삼선동1가),서울특별시 성북구 삼선동1가 14 한성대입구역(4호선)
19,209,2,한양대,서울특별시 성동구 왕십리로 206(행당동),서울특별시 성동구 행당동 산17 한양대역(2호선)
48,238,2,합정,서울특별시 마포구 양화로 지하55(서교동),서울특별시 마포구 서교동 393 합정역(2호선)
150,2540,5,행당,서울특별시 성동구 행당로 지하89(행당동),서울특별시 성동구 행당동 317-241 행당역(5호선)
106,420,4,혜화,서울특별시 종로구 대학로 지하120(명륜4가),서울특별시 종로구 명륜4가 96-5 혜화역(4호선)
49,239,2,홍대입구,서울특별시 마포구 양화로 지하160(동교동),서울특별시 마포구 동교동 165 홍대입구역(2호선)
66,314,3,홍제,서울특별시 서대문구 통일로 지하440-1(홍제동),서울특별시 서대문구 홍제동 161-1 홍제역(3호선)
128,2518,5,화곡,서울특별시 강서구 화곡로 지하168(화곡동),서울특별시 강서구 화곡동 1089-54 화곡역(5호선)
213,2647,6,화랑대(서울여대입구),서울특별시 노원구 화랑로 지하510(공릉동),서울특별시 노원구 공릉동 285-2 화랑대역(6호선)
523,1015,1,회기,서울특별시 동대문구 회기로 196,서울특별시 동대문구 휘경동 317-101(1호선)
111,425,4,회현(남대문시장),서울특별시 중구 퇴계로 지하54(남창동),서울특별시 중구 남창동 64-1 회현역(4호선)
194,2628,6,효창공원앞,서울특별시 용산구 백범로 지하287(효창동),서울특별시 용산구 효창동 80 효창공원앞역(6호선)
